"","gt.HP.a.1","gt.HP.a.2","gt.HP.b"
"1","B","B","B"
"2","B","B","B"
"3","B","B","B"
"4","B","B","B"
"5","B","B","B"
"6","B","B","B"
"7","B","B","B"
"8","A","A","B"
"9","A","A","B"
"10","A","A","B"
"11","A","A","A"
"12","A","A","A"
"13","B","B","B"
"14","B","B","B"
"15","A/B","A/B","A/B"
"16","B","B","B"
"17","B","B","B"
"18","B","B","A"
"19","B","B","A"
"20","B","B","A"
"21","B","B","A"
"22","B","B","A"
"23","B","B","A"
"24","A","B","A"
"25","A","B","A"
"26","B","B","B"
"27","B","B","B"
"28","B","B","B"
"29","B","B","B"
"30","B","B","B"
"31","A/B","A/B","A/B"
"32","B","B","B"
"33","B","B","B"
"34","B","B","B"
"35","B","B","B"
"36","B","B","B"
"37","A/B","B","B"
"38","A","B","B"
"39","A","B","B"
"40","A","B","B"
"41","A","A","B"
"42","A","A","B"
"43","A","A","A"
"44","B","B","B"
"45","B","A","B"
"46","B","A","B"
"47","B","A","B"
"48","B","A","B"
"49","B","A","B"
"50","B","B","B"
"51","B","B","B"
"52","B","B","B"
"53","B","B","B"
"54","B","B","A"
"55","B","B","A"
"56","B","B","B"
"57","B","B","B"
"58","B","B","B"
"59","A/B","A/B","A/B"
"60","B","B","B"
"61","B","B","B"
"62","B","B","B"
"63","B","B","B"
"64","B","B","B"
"65","B","B","B"
"66","B","B","B"
"67","B","B","A"
"68","B","B","B"
"69","B","B","B"
"70","B","B","B"
"71","B","B","B"
"72","B","B","B"
"73","B","B","B"
"74","B","B","B"
"75","B","B","B"
"76","B","B","B"
"77","A/B","B","B"
"78","B","B","B"
"79","A","B","A"
"80","A","B","A"
"81","A","A","B"
"82","A","A","B"
"83","A/B","A","B"
"84","B","B","B"
"85","B","B","A"
"86","B","B","A"
"87","A","A","A"
"88","A","A","A"
"89","A","A","A"
"90","A","B","B"
"91","B","B","B"
"92","B","B","B"
"93","A/B","B","B"
"94","A/B","A/B","A/B"
"95","B","B","B"
"96","B","B","B"
"97","B","B","B"
"98","B","B","A"
"99","B","B","A"
"100","B","B","B"
"101","B","B","B"
"102","B","B","B"
"103","A","A","B"
"104","A","A","B"
"105","A","A","B"
"106","A","A","B"
"107","A","A","B"
"108","B","B","B"
"109","B","B","B"
"110","A","A","B"
"111","A/B","B","B"
"112","B","B","B"
"113","B","B","B"
"114","B","B","B"
"115","B","B","B"
"116","B","B","B"
"117","B","B","B"
"118","B","B","B"
"119","B","B","B"
"120","B","B","B"
"121","B","B","B"
"122","B","B","B"
"123","B","B","B"
"124","B","B","B"
"125","B","B","B"
"126","B","B","B"
"127","B","B","B"
"128","B","B","B"
"129","B","B","B"
"130","A","B","B"
"131","A","B","B"
"132","B","A","B"
"133","B","A","B"
"134","B","A","B"
"135","B","A","B"
"136","B","B","B"
"137","B","B","B"
"138","B","B","B"
"139","B","B","B"
"140","B","B","B"
"141","A","A","B"
